Truth,Predicted
10.0,7.5736566
5.0,3.329037
10.0,9.9470215
5.0,4.0876036
10.0,8.803108
15.0,15.048072
2.0,3.428307
20.0,20.364319
15.0,15.025668
25.0,23.062166
25.0,24.749928
28.0,23.538307
15.0,16.734663
15.0,13.296788
15.0,16.742023
5.0,9.979225
20.0,19.39303
15.0,15.154392
20.0,19.022772
28.0,27.995653
5.0,3.5886428
10.0,9.64642
2.0,3.0696468
10.0,8.01881
20.0,19.572035
5.0,3.7373848
20.0,16.895117
28.0,27.85559
5.0,3.7932434
25.0,25.00716
20.0,18.630001
2.0,3.9901752
20.0,18.754807
28.0,27.932774
5.0,3.5090237
5.0,2.794101
28.0,27.98148
10.0,7.1220965
2.0,4.676891
20.0,15.637751
20.0,24.367756
25.0,25.00769
20.0,14.503873
28.0,27.994097
25.0,25.09442
28.0,27.960426
28.0,27.938387
15.0,15.015
15.0,15.105462
10.0,4.7179246
25.0,24.967499
15.0,14.608112
25.0,26.156944
20.0,19.843466
25.0,24.999983
25.0,26.092216
2.0,2.9123065
28.0,28.0001
10.0,7.788304
20.0,18.45815
2.0,3.6320572
15.0,13.7042675
15.0,15.783855
10.0,10.484444
20.0,17.620085
20.0,19.627542
28.0,28.0001
5.0,4.5099416
2.0,3.4821172
5.0,3.0313041
28.0,28.0001
20.0,19.691216
5.0,4.236544
15.0,12.705677
15.0,20.37607
2.0,4.078233
20.0,19.819593
2.0,2.94227
25.0,24.88594
5.0,3.182718
2.0,3.3357399
15.0,15.615767
28.0,26.117203
10.0,9.473339
10.0,9.763177
20.0,18.43573
5.0,3.8981538
5.0,3.732368
20.0,20.05996
28.0,27.947294
20.0,19.874678
2.0,3.9104831
5.0,3.6988118
20.0,22.434725
20.0,12.588889
25.0,24.884436
5.0,3.3509305
10.0,8.80153
15.0,15.413815
15.0,17.19881
2.0,3.401285
28.0,26.065134
10.0,3.3893678
15.0,14.857263
2.0,4.5636
5.0,3.2694108
20.0,19.695976
2.0,3.6573434
20.0,19.287146
25.0,24.947113
2.0,5.5121264
5.0,3.1490521
20.0,20.650328
28.0,27.982262
15.0,17.0045
25.0,23.847155
25.0,27.428486
10.0,10.174974
10.0,8.607147
10.0,9.572778
5.0,3.1529193
15.0,18.28879
25.0,25.841652
25.0,21.459822
20.0,19.861616
2.0,3.694298
10.0,10.032056
5.0,4.5662384
15.0,17.836607
15.0,17.216713
10.0,10.555311
28.0,27.95893
15.0,15.809763
20.0,19.098658
20.0,18.019928
2.0,3.0376391
10.0,9.887086
5.0,4.4878197
15.0,15.252042
25.0,25.136375
10.0,11.621736
10.0,9.844917
20.0,18.27719
25.0,25.49357
10.0,9.839154
5.0,4.18242
20.0,19.979422
28.0,25.028746
10.0,9.922964
25.0,24.307415
5.0,2.8713784
2.0,4.2752686
5.0,2.9688945
25.0,23.867193
15.0,14.517481
28.0,27.97293
15.0,16.559515
20.0,20.062838
28.0,27.941113
10.0,9.255404
5.0,7.299295
28.0,27.996765
2.0,3.450475
10.0,9.624178
5.0,3.4903858
25.0,26.014965
2.0,3.496998
2.0,3.7579186
25.0,20.156776
2.0,4.179249
5.0,5.2460227
28.0,27.97588
10.0,11.095857
25.0,27.82428
2.0,4.176998
28.0,27.356827
10.0,11.929145
10.0,10.417523
28.0,27.9961
20.0,20.52134
10.0,5.126317
28.0,27.992432
5.0,3.8761463
25.0,24.985018
2.0,4.0888987
20.0,16.87101
28.0,26.463629
15.0,14.921604
25.0,24.867893
15.0,16.2075
20.0,18.748596
15.0,15.339897
15.0,13.566791
2.0,2.7462833
15.0,16.797907
15.0,15.972457
5.0,3.1104195
28.0,27.975645
15.0,16.01187
15.0,15.076795
5.0,3.1246777
2.0,4.2177835
20.0,19.819637
25.0,24.034178
25.0,25.47689
20.0,22.258863
25.0,25.469261
5.0,4.0124025
10.0,9.588731
20.0,18.00058
20.0,19.147879
2.0,2.5275078
5.0,3.7551842
15.0,16.507965
2.0,4.9899187
2.0,3.9969642
10.0,10.007612
15.0,15.2026825
28.0,26.128685
28.0,26.478884
20.0,19.151182
5.0,4.48505
5.0,4.101225
25.0,25.000862
28.0,27.98315
15.0,15.041607
25.0,24.80543
2.0,3.6936088
2.0,3.3332171
5.0,4.1548495
20.0,19.985176
20.0,20.07027
15.0,15.264578
5.0,3.1688564
5.0,3.6445494
2.0,3.3083346
20.0,24.25591
2.0,4.685777
28.0,27.93386
20.0,19.70355
20.0,19.796452
2.0,5.555506
10.0,9.647612
25.0,24.835392
25.0,25.140245
28.0,25.71763
15.0,19.338675
2.0,3.0972462
5.0,3.6022015
5.0,4.213925
15.0,14.594801
20.0,16.44542
5.0,3.4611282
10.0,8.806469
20.0,16.382309
5.0,6.794425
20.0,24.982874
2.0,3.7300708
5.0,3.523932
20.0,24.988686
20.0,21.16958
15.0,16.34445
25.0,24.561077
15.0,15.136512
15.0,15.061316
2.0,3.0122392
28.0,27.995874
15.0,15.168442
10.0,9.994494
28.0,28.0001
5.0,3.3638275
2.0,4.2753983
10.0,7.2846694
25.0,24.8293
5.0,3.2221825
28.0,26.39087
2.0,3.0009203
10.0,9.376668
5.0,3.8363116
20.0,21.39768
10.0,8.8740635
20.0,20.059704
25.0,26.071083
25.0,20.182743
10.0,9.847204
20.0,19.328522
20.0,17.685339
10.0,9.741894
5.0,4.275496
10.0,6.8432302
5.0,4.122035
10.0,9.746778
25.0,25.11444
5.0,3.8793244
5.0,4.135369
10.0,9.110595
28.0,27.915878
15.0,16.783966
10.0,10.583171
25.0,18.979671
15.0,12.052113
25.0,25.490793
25.0,27.649578
2.0,3.1598787
15.0,14.608792
28.0,27.941422
20.0,19.811316
28.0,26.60052
10.0,11.948023
10.0,9.862108
15.0,19.88409
2.0,4.820724
28.0,27.987183
15.0,16.611315
10.0,9.732658
25.0,17.285774
25.0,25.1408
25.0,24.952381
5.0,4.4614763
5.0,5.1176767
28.0,27.962639
2.0,4.3846073
28.0,27.823723
5.0,3.6073868
25.0,24.951971
20.0,19.672724
5.0,5.821755
25.0,24.964243
20.0,17.945778
28.0,27.998432
25.0,24.616735
10.0,9.943828
5.0,3.7079797
20.0,18.08335
15.0,18.994083
2.0,3.224892
2.0,3.3008828
5.0,6.1231008
2.0,2.9503937
10.0,10.668771
10.0,9.953221
28.0,28.0001
2.0,3.4291766
25.0,24.99671
10.0,10.081724
15.0,15.876706
20.0,19.459013
5.0,3.512445
20.0,19.90627
5.0,3.8706117
15.0,15.428834
25.0,24.90273
15.0,14.843943
10.0,9.731557
25.0,21.906504
2.0,2.565369
28.0,27.933737
28.0,26.544933
25.0,25.024376
10.0,8.885155
5.0,3.089532
15.0,14.536018
10.0,5.5007963
5.0,5.008133
2.0,3.4706721
2.0,3.2684386
15.0,14.985556
28.0,27.65503
28.0,27.982534
20.0,18.439302
15.0,14.678767
15.0,15.043732
2.0,6.3455153
5.0,3.658659
10.0,10.012863
25.0,22.107523
15.0,17.311472
25.0,24.934208
2.0,2.9191282
5.0,3.193868
25.0,21.11436
10.0,9.487885
10.0,4.8146086
28.0,26.510529
15.0,18.63508
25.0,25.098473
15.0,13.4451065
2.0,4.5561423
20.0,25.177479
5.0,4.8486366
2.0,3.5651104
5.0,3.7456455
28.0,27.969322
28.0,26.44031
2.0,3.0836937
28.0,27.0665
10.0,9.959811
5.0,3.9895613
25.0,25.101086
15.0,15.562759
15.0,22.11079
15.0,15.899012
5.0,3.7249153
20.0,19.016666
5.0,3.3348174
10.0,9.924563
5.0,3.4018435
20.0,16.502686
15.0,14.313732
2.0,3.9774375
10.0,10.032319
15.0,15.22348
20.0,18.710905
10.0,9.580708
5.0,4.474535
25.0,24.944365
10.0,5.2077236
5.0,3.5077078
5.0,3.0602195
15.0,15.742749
15.0,15.149021
28.0,27.977903
20.0,19.272175
5.0,3.4170098
15.0,15.947532
10.0,9.833819
28.0,27.920977
10.0,9.685863
15.0,16.615004
2.0,3.2587345
2.0,2.865399
20.0,17.10105
25.0,24.44284
5.0,5.1388516
5.0,3.6299396
25.0,24.970043
15.0,17.78315
5.0,4.819448
5.0,3.1684911
15.0,15.133189
10.0,11.7331915
15.0,16.063534
2.0,3.510576
20.0,16.131538
20.0,22.539404
10.0,9.972645
5.0,3.6345847
25.0,24.158344
15.0,17.107964
15.0,15.094228
28.0,27.16749
28.0,27.993181
2.0,4.907714
10.0,10.27031
28.0,27.480986
5.0,3.259716
28.0,27.997559
15.0,16.693447
15.0,18.51764
15.0,15.087343
2.0,3.2528715
5.0,3.4809718
28.0,27.92417
5.0,4.4519777
20.0,19.895256
28.0,27.995003
15.0,15.757234
2.0,3.6487434
5.0,4.301362
5.0,3.0177357
25.0,20.328903
10.0,10.116014
2.0,3.3733747
15.0,15.003315
15.0,14.910599
10.0,13.028522
2.0,2.8794682
10.0,9.437398
15.0,10.445685
20.0,19.84858
28.0,27.897205
10.0,3.2576628
5.0,4.853428
10.0,9.961568
20.0,20.394693
2.0,4.0387
5.0,2.726653
15.0,13.228921
5.0,5.2931476
10.0,4.7727437
20.0,20.734097
20.0,16.066738
2.0,3.2918427
15.0,15.041597
15.0,17.819405
10.0,9.97608
25.0,24.421776
15.0,11.626253
10.0,4.2029324
20.0,16.24361
10.0,9.47044
25.0,25.008268
20.0,18.000116
15.0,17.316378
28.0,27.998098
20.0,15.49645
20.0,18.18892
25.0,24.690239
10.0,9.278375
25.0,24.019053
20.0,19.334284
2.0,3.8256285
28.0,27.785774
25.0,23.518354
28.0,27.978846
10.0,10.008374
5.0,7.1633334
25.0,24.93035
5.0,4.01393
28.0,27.99267
28.0,27.99667
25.0,25.256105
20.0,17.242609
20.0,23.10993
2.0,3.46778
15.0,15.378115
15.0,13.028937
5.0,6.429698
5.0,4.487014
15.0,15.689875
10.0,9.390115
10.0,9.9681635
10.0,9.994037
15.0,15.422381
28.0,27.894129
15.0,15.570105
25.0,20.605108
20.0,19.922289
15.0,10.039258
5.0,2.9357758
15.0,15.14276
20.0,20.410765
5.0,4.0120974
15.0,15.816008
5.0,4.2518854
2.0,2.8936121
10.0,10.070503
20.0,24.420362
10.0,9.7702875
15.0,16.42447
28.0,28.0001
20.0,19.847845
20.0,25.309566
2.0,4.625156
25.0,24.716429
10.0,9.984329
5.0,3.816215
2.0,4.230251
20.0,18.875952
2.0,5.419899
5.0,6.198648
2.0,3.3734698
10.0,7.327588
28.0,28.0001
5.0,3.215654
28.0,25.526907
10.0,3.9229798
20.0,19.964622
10.0,9.860352
28.0,27.949226
5.0,3.7237499
28.0,27.743195
2.0,4.4355426
28.0,26.293068
10.0,9.7148695
20.0,19.790422
20.0,20.789595
15.0,15.355486
10.0,9.013295
20.0,23.134308
2.0,3.5184252
25.0,25.669699
10.0,13.499939
28.0,27.889923
2.0,3.1259754
15.0,15.018407
20.0,19.8093
2.0,2.686644
2.0,3.70622
2.0,3.722187
25.0,24.88371
20.0,19.994104
28.0,27.9961
10.0,10.159557
2.0,9.626495
15.0,19.316824
20.0,19.977587
25.0,25.047539
15.0,17.205156
28.0,27.864523
2.0,3.5310109
20.0,18.702501
5.0,3.3543327
28.0,25.095186
20.0,18.166212
5.0,3.7086356
5.0,5.749998
5.0,3.1348224
25.0,25.995043
10.0,9.565602
2.0,3.7318094
15.0,15.231562
15.0,17.697777
20.0,19.614618
5.0,9.869979
10.0,9.187644
2.0,3.0505428
2.0,3.4579601
20.0,19.344412
20.0,19.800795
28.0,27.747675
25.0,25.261684
20.0,19.90269
28.0,26.176588
10.0,10.025915
2.0,4.194125
25.0,24.875431
10.0,10.03846
5.0,3.468472
2.0,3.6759593
2.0,3.1711693
20.0,19.673267
20.0,18.640377
10.0,9.6226225
5.0,3.3620005
28.0,27.997559
2.0,4.024554
2.0,3.848408
15.0,9.924668
10.0,9.965159
28.0,27.98013
20.0,19.197897
28.0,28.0001
5.0,4.777561
10.0,10.206553
2.0,3.2047305
20.0,19.108171
5.0,3.5146272
28.0,27.998098
15.0,15.550464
2.0,3.3905113
2.0,3.2989733
5.0,3.0722942
5.0,5.531199
2.0,4.186569
10.0,4.144539
25.0,25.110214
15.0,16.044058
28.0,27.90727
15.0,15.475384
5.0,3.1430655
2.0,8.004106
10.0,4.4416466
25.0,24.450953
2.0,2.3335524
10.0,10.820872
20.0,18.180365
2.0,2.4604216
10.0,9.913988
15.0,15.177035
5.0,3.2447307
10.0,9.986084
15.0,17.173271
10.0,10.071817
2.0,3.7145016
20.0,19.24025
25.0,24.479061
2.0,3.698665
28.0,28.0001
15.0,14.708896
15.0,17.690777
25.0,22.68842
20.0,16.170074
2.0,3.3576322
20.0,19.88716
28.0,27.225166
10.0,9.919588
28.0,28.0001
28.0,27.913563
28.0,26.881205
25.0,24.409431
5.0,4.537488
25.0,24.775328
28.0,28.0001
20.0,19.57862
15.0,17.693386
20.0,18.91275
15.0,17.555164
28.0,27.320316
15.0,17.427053
5.0,3.5908513
20.0,18.998491
5.0,4.1815176
2.0,3.9952853
15.0,17.797132
25.0,25.354137
2.0,3.8781097
20.0,16.663729
2.0,3.11131
25.0,24.915731
20.0,19.70032
25.0,25.099064
2.0,3.786579
15.0,15.659051
20.0,19.882956
2.0,3.5468922
5.0,3.783695
25.0,25.00253
25.0,25.274023
5.0,4.091444
28.0,27.980572
20.0,19.874365
20.0,19.618265
20.0,18.980436
2.0,3.1576862
15.0,17.183823
15.0,15.977263
28.0,27.964952
15.0,14.213911
20.0,17.746908
28.0,26.931023
15.0,15.979924
15.0,14.986265
2.0,2.9067535
2.0,3.7322426
20.0,20.121971
10.0,10.286709
10.0,7.625013
10.0,9.934608
25.0,25.118742
20.0,19.428051
5.0,6.28332
28.0,27.99443
10.0,9.790843
10.0,9.040562
15.0,18.344486
5.0,4.753753
28.0,28.0001
25.0,25.056519
10.0,6.329888
28.0,25.8582
15.0,16.757513
10.0,9.453864
20.0,17.447548
5.0,3.4041548
20.0,16.276289
2.0,3.9466598
28.0,28.0001
5.0,4.07995
28.0,26.026817
28.0,28.0001
20.0,19.754284
15.0,19.88687
25.0,22.528933
10.0,10.252629
5.0,3.394703
20.0,26.89149
25.0,26.810234
5.0,4.138885
2.0,4.398674
15.0,15.660444
5.0,3.9232056
15.0,15.011425
5.0,3.3724709
15.0,14.107293
25.0,21.832527
20.0,19.970856
5.0,3.833778
5.0,3.771769
15.0,15.106042
5.0,3.3881671
25.0,25.025373
28.0,28.0001
28.0,27.99393
10.0,10.0117855
25.0,24.99188
25.0,23.241497
2.0,3.749282
20.0,18.901012
5.0,5.1014132
25.0,27.615942
15.0,21.428482
10.0,9.099294
2.0,3.2456024
2.0,3.0419908
28.0,27.989098
28.0,27.984262
5.0,3.5573838
20.0,20.048878
5.0,3.7168324
5.0,7.206776
20.0,19.84566
5.0,3.3558037
10.0,8.8722315
10.0,6.0642977
15.0,14.249036
28.0,27.971598
5.0,3.9533195
20.0,19.502506
10.0,7.1874456
10.0,9.25218
5.0,3.002185
25.0,21.43086
28.0,27.992765
28.0,27.997242
5.0,4.182252
28.0,25.47238
20.0,19.159468
28.0,28.0001
20.0,25.051928
15.0,17.95493
25.0,24.917957
2.0,3.1368763
5.0,4.1396346
2.0,3.934621
2.0,4.242413
28.0,27.937258
10.0,9.379076
10.0,9.967674
20.0,18.792295
15.0,15.339093
5.0,5.2814627
10.0,9.474783
5.0,3.4506018
15.0,17.013683
28.0,24.813387
20.0,19.783115
25.0,24.891054
25.0,25.112333
10.0,9.432638
2.0,3.820733
5.0,3.7518282
28.0,27.995241
20.0,19.606083
15.0,15.922215
10.0,9.558209
10.0,9.97256
20.0,19.983053
15.0,14.996149
20.0,19.5902
10.0,6.464479
2.0,2.4435654
2.0,3.7324328
10.0,8.743404
25.0,25.202518
25.0,26.144238
20.0,15.668153
5.0,3.0113902
15.0,14.883805
25.0,24.675295
15.0,14.682766
25.0,27.756285
28.0,27.843071
15.0,14.987011
5.0,5.031564
28.0,27.975
25.0,23.849215
2.0,3.8991117
2.0,2.8898346
20.0,18.698885
15.0,17.296822
10.0,7.494928
25.0,24.988852
20.0,19.965612
15.0,17.27879
2.0,6.7538333
28.0,28.0001
10.0,10.047502
10.0,8.98777
2.0,4.404745
25.0,25.055305
5.0,3.603383
15.0,16.007666
28.0,27.995098
5.0,2.3292727
5.0,3.242507
10.0,10.635999
28.0,28.0001
2.0,4.6012154
20.0,19.37381
20.0,19.873
20.0,18.209244
2.0,3.8869166
25.0,25.469437
15.0,17.035368
10.0,6.4161386
20.0,19.69402
10.0,9.059965
5.0,3.1438794
2.0,3.4245973
15.0,19.222527
25.0,26.325321
28.0,27.929857
5.0,4.2463436
20.0,15.820495
5.0,3.1805997
5.0,3.7817438
10.0,8.962238
10.0,14.513669
10.0,9.955583
5.0,6.4385552
10.0,9.855585
10.0,9.556896
25.0,25.586746
2.0,4.6311893
28.0,27.994986
28.0,27.869833
2.0,3.7662039
5.0,8.154364
28.0,27.998098
20.0,22.535913
10.0,2.685186
2.0,4.254851
28.0,27.938074
15.0,14.983361
20.0,19.535812
15.0,17.05803
10.0,10.005344
20.0,18.842396
15.0,15.07823
2.0,3.9651809
20.0,18.852806
28.0,27.206553
15.0,15.006732
10.0,10.646666
10.0,8.801945
10.0,5.7648425
2.0,4.4682097
28.0,27.975214
10.0,9.883613
28.0,27.988766
20.0,22.957317
15.0,15.122124
10.0,9.76616
5.0,4.843987
2.0,3.2141235
5.0,5.096862
15.0,23.526413
20.0,20.775185
10.0,9.831225
5.0,5.6503234
28.0,28.0001
15.0,15.421287
5.0,7.9552965
5.0,6.794268
25.0,23.884693
25.0,25.372652
15.0,13.04677
25.0,25.082855
15.0,14.988659
10.0,8.268081
25.0,24.32441
20.0,16.615
25.0,24.853012
2.0,3.604638
28.0,27.954779
15.0,14.939512
20.0,15.156277
2.0,3.3147335
2.0,3.5425103
5.0,3.6143003
5.0,3.7200787
2.0,3.471685
25.0,25.000774
15.0,15.058433
20.0,19.679998
5.0,2.7831795
28.0,27.982098
5.0,3.1464462
15.0,18.30585
20.0,18.493046
2.0,4.0297914
25.0,24.482674
5.0,4.4875274
10.0,9.41971
20.0,19.783073
20.0,21.295948
10.0,9.696205
28.0,27.997875
15.0,15.738454
5.0,4.932475
25.0,25.084332
20.0,20.266548
20.0,15.876839
5.0,3.8362305
10.0,10.046745
15.0,15.017253
28.0,28.0001
28.0,27.591642
15.0,16.800331
10.0,8.122778
15.0,15.072681
20.0,19.941132
28.0,27.966646
5.0,5.0448356
20.0,19.92566
2.0,3.6772354
25.0,23.94721
15.0,15.520445
15.0,15.232658
15.0,15.692306
5.0,4.162304
25.0,25.065565
20.0,20.022152
2.0,3.1410897
10.0,9.857524
15.0,14.98034
15.0,15.080929
20.0,18.710451
2.0,2.779638
2.0,8.382573
10.0,6.0043917
10.0,9.690528
25.0,24.714834
2.0,3.7530675
25.0,22.325018
25.0,24.954672
10.0,9.289853
10.0,9.709439
10.0,6.862798
28.0,27.976765
15.0,18.146124
20.0,23.585888
20.0,19.811003
15.0,16.347397
25.0,25.043373
20.0,20.29938
2.0,2.852823
20.0,16.771679
2.0,3.3073406
25.0,26.65845
10.0,9.349234
28.0,27.993433
20.0,20.695997
25.0,25.004044
10.0,9.657046
10.0,2.4107857
20.0,19.589708
5.0,3.3445306
15.0,15.06815
2.0,3.788899
15.0,15.204838
10.0,9.750793
25.0,26.191729
25.0,22.286104
28.0,23.777435
20.0,20.512192
2.0,6.502539
2.0,2.6178126
20.0,23.155388
20.0,15.241804
25.0,25.120861
2.0,3.1638887
5.0,4.282694
25.0,26.925714
15.0,14.3374
5.0,3.3858888
5.0,3.946772
20.0,19.210537
10.0,9.853821
28.0,28.0001
20.0,19.923428
28.0,27.290318
5.0,6.1024837
28.0,27.99443
28.0,28.0001
20.0,18.750307
10.0,14.893513
5.0,3.274349
15.0,16.297215
15.0,16.517202
2.0,3.3451374
5.0,3.929515
15.0,14.960783
15.0,15.381729
25.0,24.23245
20.0,19.984137
10.0,9.940555
15.0,15.021915
5.0,4.088181
2.0,2.9904468
15.0,15.033701
20.0,18.50111
10.0,10.013877
28.0,27.997559
10.0,9.526315
2.0,3.1410077
28.0,27.968927
10.0,10.666328
10.0,9.934443
2.0,2.9309344
28.0,27.901958
15.0,16.346426
28.0,27.187136
10.0,9.724928
5.0,3.888649
5.0,3.7128026
5.0,3.498216
10.0,10.037585
2.0,3.2091422
28.0,26.936909
5.0,8.846457
20.0,18.19426
2.0,2.942756
2.0,3.989039
15.0,15.294724
15.0,15.016552
15.0,15.461218
10.0,5.966802
25.0,25.081015
25.0,22.221407
25.0,25.017832
25.0,25.981817
5.0,8.459808
28.0,27.9961
10.0,10.053989
10.0,8.858215
2.0,3.9490461
10.0,10.089722
15.0,18.172512
2.0,3.5153809
15.0,15.213585
10.0,9.7843895
15.0,15.101304
25.0,24.98671
10.0,9.143678
10.0,9.972884
25.0,25.454237
28.0,27.987717
25.0,25.047976
10.0,9.972651
5.0,4.0349994
15.0,18.706804
28.0,27.875658
25.0,24.995743
15.0,16.124006
2.0,4.027479
28.0,27.61048
15.0,15.318791
5.0,6.0181503
5.0,4.235536
28.0,27.303036
5.0,4.458742
5.0,2.6575491
25.0,23.987274
5.0,3.9198635
15.0,13.178612
15.0,17.896881
20.0,18.791004
20.0,18.560194
15.0,17.434425
2.0,2.7485542
28.0,27.219622
10.0,10.132748
5.0,3.4007177
20.0,19.884113
28.0,25.767424
28.0,27.95783
25.0,25.080408
25.0,22.840813
20.0,19.9907
20.0,19.074923
5.0,3.185911
2.0,3.015802
10.0,10.189224
20.0,16.288609
10.0,9.914305
28.0,27.978765
5.0,3.198482
10.0,9.823194
2.0,3.346754
5.0,8.260615
20.0,19.598696
20.0,19.742647
15.0,14.449419
5.0,3.9234953
25.0,25.109228
20.0,19.501091
2.0,2.5533714
10.0,7.5712824
5.0,3.2678869
15.0,16.374657
5.0,4.641888
25.0,24.648384
15.0,15.294267
5.0,3.6202998
15.0,15.350485
5.0,3.2898526
5.0,4.1050696
10.0,4.9495707
10.0,10.343598
10.0,9.71423
5.0,4.095233
25.0,25.151701
5.0,4.1238403
15.0,15.195398
15.0,14.715666
2.0,3.7466247
25.0,24.678787
20.0,19.712353
15.0,15.153861
15.0,15.025795
28.0,26.522383
28.0,27.91689
15.0,15.314025
5.0,3.603999
5.0,4.0384398
28.0,27.996098
10.0,9.82085
20.0,19.92592
25.0,23.779966
20.0,19.670547
20.0,19.341059
10.0,9.878657
15.0,18.769625
25.0,24.911207
5.0,3.3776598
28.0,27.555887
25.0,24.924568
20.0,17.939093
5.0,3.2217283
10.0,9.472839
10.0,9.678981
15.0,16.12584
2.0,3.6380055
5.0,3.8662133
25.0,25.781403
28.0,27.871702
20.0,19.845346
15.0,14.786155
2.0,3.0187469
5.0,3.8145084
15.0,15.244781
20.0,20.181173
25.0,24.997562
5.0,3.124212
5.0,3.3457503
10.0,9.663968
15.0,15.098696
10.0,9.7639
5.0,4.084401
25.0,22.525156
5.0,4.4709673
28.0,24.680525
15.0,14.998394
2.0,7.650331
25.0,24.828518
25.0,24.572414
2.0,4.1663013
15.0,17.486267
25.0,23.343864
5.0,5.249865
28.0,27.979954
25.0,23.911901
10.0,9.90162
25.0,24.623653
5.0,4.1018934
25.0,24.97886
10.0,9.905311
15.0,18.939795
2.0,3.3316634
2.0,3.3357713
2.0,5.633777
5.0,3.869463
15.0,15.803835
20.0,19.464405
10.0,12.003049
28.0,25.152615
2.0,4.1995425
2.0,9.366615
15.0,17.744184
20.0,16.809061
5.0,4.064089
28.0,27.996208
5.0,4.2279778
20.0,20.530014
28.0,27.9961
20.0,19.908375
10.0,10.163791
10.0,9.727529
5.0,9.87976
10.0,8.297744
15.0,15.973879
20.0,20.20542
28.0,28.0001
15.0,19.44204
20.0,19.91221
10.0,3.2129066
10.0,9.5601635
15.0,15.024455
25.0,24.981274
10.0,9.42382
20.0,20.03099
5.0,2.5192537
10.0,3.6564298
20.0,19.699799
28.0,25.108898
5.0,9.686257
28.0,27.71565
2.0,3.4856482
5.0,3.3395908
5.0,3.524768
15.0,17.010517
20.0,19.776169
2.0,2.8122244
5.0,4.811559
20.0,20.64539
25.0,25.143805
28.0,27.992598
28.0,27.904388
2.0,3.4321682
28.0,27.149817
20.0,18.010384
15.0,14.946821
10.0,10.061096
5.0,3.612855
20.0,18.81053
28.0,27.996765
15.0,13.961909
20.0,23.258759
25.0,24.542034
25.0,23.837744
10.0,11.240812
20.0,19.458967
20.0,19.063063
28.0,28.0001
10.0,9.8122
10.0,9.939185
2.0,3.186944
5.0,4.2050586
10.0,12.46827
20.0,20.892876
15.0,15.553987
2.0,3.105443
20.0,17.567595
10.0,4.031762
28.0,27.98518
5.0,3.4402816
28.0,26.338905
25.0,24.494635
20.0,18.527973
28.0,27.146074
25.0,24.940794
10.0,7.5491195
2.0,3.4663062
15.0,15.054238
15.0,19.29191
20.0,18.849745
10.0,10.086122
10.0,12.786369
2.0,3.6272385
2.0,3.6973174
5.0,4.232839
10.0,6.1646347
28.0,27.912966
5.0,2.9934156
25.0,24.802431
20.0,20.56966
2.0,4.524812
10.0,9.887573
5.0,9.719202
2.0,3.8043003
28.0,27.973427
5.0,2.6195207
20.0,20.1788
2.0,3.5747325
15.0,16.879791
20.0,23.157251
15.0,15.034853
2.0,2.3286202
5.0,8.319193
10.0,9.075423
25.0,25.084272
10.0,9.746493
20.0,18.743792
28.0,27.994099
28.0,27.686512
5.0,4.0602117
25.0,19.35017
25.0,25.152092
28.0,27.993097
10.0,7.7230134
28.0,27.990763
20.0,19.360035
10.0,10.064621
5.0,3.5316253
20.0,26.081488
28.0,27.960657
2.0,2.4147956
20.0,19.845287
2.0,4.029567
15.0,15.003028
15.0,15.632694
5.0,3.2991216
28.0,27.993242
5.0,3.173853
28.0,27.879368
5.0,3.872362
10.0,9.976434
10.0,6.947293
15.0,15.067131
10.0,9.222726
25.0,24.854647
5.0,3.8750048
20.0,17.973085
25.0,21.15341
10.0,9.575205
10.0,9.894113
2.0,3.5602603
2.0,3.2040324
15.0,15.307513
28.0,27.998098
15.0,17.079773
20.0,17.33849
2.0,3.3752806
20.0,19.59412
10.0,8.97546
20.0,24.323408
25.0,18.29334
5.0,9.793696
5.0,3.2394702
5.0,4.555754
20.0,18.381123
25.0,25.905546
20.0,24.763657
25.0,24.831594
5.0,4.081492
5.0,3.9008553
20.0,19.484953
25.0,24.888456
15.0,15.009216
5.0,2.6769404
10.0,9.667926
28.0,25.01253
20.0,17.694454
2.0,3.7768776
28.0,27.993431
25.0,24.644396
25.0,27.029924
25.0,24.808382
15.0,16.252954
25.0,25.0246
5.0,4.202332
10.0,12.200286
2.0,3.28846
20.0,19.283974
10.0,5.951765
10.0,10.123538
2.0,3.1819897
2.0,3.2506955
28.0,27.99418
5.0,4.547209
25.0,23.803408
5.0,4.2256
2.0,3.2019513
15.0,15.437861
15.0,15.213971
2.0,3.7356367
5.0,3.2362232
2.0,5.5620933
2.0,4.1280174
2.0,3.1982143
2.0,5.8691745
15.0,16.06023
5.0,3.2637494
10.0,9.105624
2.0,3.159723
5.0,9.806485
28.0,28.0001
15.0,15.241903
10.0,9.608743
25.0,25.77845
20.0,20.427015
25.0,24.979046
2.0,4.041119
25.0,25.462946
2.0,3.8221452
5.0,5.4482136
2.0,4.144291
20.0,19.490961
5.0,3.5235388
15.0,15.161822
10.0,10.144777
28.0,27.61399
15.0,15.082737
25.0,23.99156
15.0,18.521065
15.0,15.459454
20.0,19.421679
15.0,16.085775
20.0,19.965748
28.0,28.0001
2.0,3.4343483
15.0,14.828407
20.0,17.885633
28.0,27.99149
2.0,3.724731
2.0,3.816318
25.0,24.772217
15.0,16.516722
20.0,21.137684
15.0,16.029509
2.0,3.1411905
2.0,3.4966004
10.0,6.4655457
25.0,24.969603
20.0,18.262144
15.0,15.958671
10.0,10.296521
15.0,17.023087
10.0,10.046125
25.0,25.315508
10.0,9.670698
28.0,28.0001
15.0,15.074543
20.0,15.164464
5.0,7.086701
5.0,6.628555
10.0,6.551338
25.0,25.037298
20.0,19.813604
15.0,18.402086
2.0,4.0314713
5.0,3.758456
25.0,24.053234
10.0,9.938739
28.0,27.962873
5.0,3.9727507
20.0,18.03204
15.0,15.157646
10.0,9.845573
20.0,19.785534
28.0,27.864191
25.0,24.801544
5.0,4.8994374
25.0,24.443752
5.0,3.6302001
15.0,20.058231
25.0,24.752522
28.0,27.947905
5.0,3.3884387
15.0,14.916385
25.0,23.947433
25.0,23.937601
5.0,3.074408
25.0,24.792202
20.0,18.254395
25.0,24.984102
10.0,8.58912
5.0,3.8927689
15.0,15.574554
2.0,4.153582
28.0,28.0001
20.0,22.890312
25.0,25.083502
10.0,10.716883
25.0,25.283611
2.0,3.90924
20.0,19.303299
2.0,3.798073
10.0,9.13585
28.0,27.524397
15.0,9.619285
5.0,4.6567984
5.0,3.2262506
10.0,9.402167
10.0,9.286582
15.0,15.154627
10.0,10.03928
15.0,15.746125
28.0,27.91927
25.0,24.805658
25.0,26.175404
10.0,12.843966
10.0,10.067188
28.0,27.982668
20.0,20.495447
10.0,9.987475
10.0,9.3377285
2.0,3.8770103
25.0,24.99228
20.0,17.337784
15.0,16.820797
10.0,11.734451
10.0,6.5146484
15.0,19.754911
15.0,15.301326
5.0,4.496097
5.0,2.9932823
5.0,4.3301845
20.0,24.68356
20.0,20.161592
25.0,25.013103
5.0,3.7955694
10.0,9.689001
25.0,19.829763
28.0,27.656885
5.0,4.2803106
5.0,3.4752445
15.0,18.50839
25.0,24.637165
28.0,27.998098
2.0,3.1214283
20.0,18.348938
10.0,8.897066
10.0,9.822992
28.0,28.0001
10.0,9.765681
10.0,9.518926
28.0,27.973679
20.0,19.852274
25.0,23.808006
10.0,11.725458
25.0,25.458311
15.0,14.8975725
25.0,26.830734
10.0,9.514224
5.0,3.2221925
25.0,25.008295
28.0,27.83502
15.0,18.089632
10.0,12.559793
10.0,9.177439
15.0,15.396599
28.0,27.778788
2.0,4.176483
15.0,14.901719
2.0,4.44991
15.0,14.932562
10.0,8.939624
2.0,3.1089783
5.0,4.404261
20.0,20.325964
10.0,8.27488
5.0,5.095009
2.0,4.027046
10.0,13.5114
2.0,3.2235284
2.0,3.0875187
20.0,20.965387
5.0,4.1359076
25.0,24.620728
15.0,15.348529
28.0,27.975399
25.0,20.101646
28.0,27.998432
25.0,25.024391
2.0,3.107328
28.0,28.0001
10.0,9.844936
28.0,28.0001
20.0,19.330069
2.0,3.14276
5.0,8.496617
15.0,15.316409
15.0,16.530619
10.0,9.894961
10.0,3.6437187
15.0,19.128664
28.0,27.964876
10.0,10.588859
2.0,3.0665414
15.0,17.586618
25.0,24.970995
5.0,2.845866
15.0,14.609888
5.0,4.371308
28.0,26.668077
20.0,19.632292
25.0,24.91047
25.0,25.628315
5.0,3.5776227
5.0,3.7150087
10.0,9.930051
25.0,25.411312
28.0,27.965239
10.0,9.987725
5.0,3.7166033
2.0,3.5046945
10.0,10.076906
28.0,28.0001
25.0,25.022587
5.0,3.0354056
5.0,3.9867904
5.0,4.1973786
15.0,15.214517
25.0,23.04437
5.0,2.7827559
10.0,8.742107
2.0,3.9095397
25.0,24.096262
25.0,24.989285
15.0,12.451266
20.0,17.99086
20.0,18.510502
2.0,3.1068587
5.0,3.9124498
20.0,18.53761
20.0,17.76459
2.0,3.9847252
20.0,20.189917
25.0,20.455236
28.0,27.982
28.0,27.941122
2.0,4.913691
5.0,5.023617
2.0,3.3807194
2.0,3.386429
15.0,15.383431
15.0,16.422832
28.0,27.662928
10.0,9.987117
20.0,19.650679
28.0,27.940052
20.0,23.39257
28.0,27.998098
20.0,16.755608
10.0,9.522283
28.0,27.867157
28.0,27.978098
5.0,3.2699392
28.0,27.97997
20.0,16.359632
10.0,10.465215
15.0,18.983482
2.0,4.4270744
28.0,27.990347
15.0,15.381981
15.0,14.851871
10.0,9.400558
15.0,14.304199
28.0,27.994099
28.0,28.0001
20.0,19.290815
28.0,27.998098
5.0,3.7911417
10.0,9.915712
25.0,24.814716
10.0,4.2051272
10.0,8.497308
15.0,14.86003
28.0,27.95543
5.0,2.9437532
20.0,17.297424
5.0,10.057597
25.0,25.926271
5.0,4.234288
10.0,9.916899
15.0,16.334047
25.0,24.989754
25.0,27.197174
15.0,15.066837
5.0,3.4932668
28.0,27.972595
5.0,3.7708747
28.0,27.990574
25.0,24.850828
20.0,15.248894
5.0,4.359871
2.0,3.6880329
20.0,19.103504
20.0,24.486546
5.0,4.0495152
2.0,3.360756
15.0,15.176755
25.0,23.625378
28.0,27.359335
15.0,13.910275
5.0,3.9354882
20.0,19.617254
2.0,3.2752492
10.0,9.876761
28.0,27.98924
28.0,27.981352
20.0,20.170462
25.0,25.110683
20.0,19.570414
20.0,16.438864
2.0,3.521432
5.0,4.4839
10.0,4.8376584
20.0,19.947367
5.0,3.5836947
10.0,5.8318524
28.0,28.0001
10.0,9.908544
25.0,22.83101
2.0,3.712784
28.0,27.981428
28.0,27.723333
5.0,2.7352152
2.0,3.603046
15.0,15.134993
28.0,28.0001
10.0,8.751047
15.0,15.474133
10.0,9.949985
15.0,15.087297
2.0,3.326178
5.0,5.0451837
25.0,25.090164
25.0,25.34875
20.0,19.494953
10.0,10.183352
25.0,25.006044
2.0,3.1900802
5.0,4.2957397
5.0,3.511356
25.0,25.092989
10.0,9.157129
20.0,20.417063
20.0,19.041035
28.0,27.956425
15.0,15.172046
15.0,16.25466
2.0,3.2440872
10.0,9.641213
2.0,3.1165645
15.0,15.295262
10.0,6.0929947
20.0,26.713594
15.0,15.256097
20.0,17.669397
5.0,3.4655333
20.0,19.989573
5.0,3.8609402
15.0,14.571746
20.0,15.737992
15.0,16.678244
10.0,9.46386
2.0,3.746449
25.0,25.374502
10.0,9.374991
2.0,3.283286
20.0,19.837778
25.0,20.147268
28.0,28.0001
20.0,19.994787
20.0,17.036608
2.0,2.6074266
2.0,2.7882805
10.0,7.8191385
20.0,17.145351
15.0,15.217605
2.0,3.2804906
10.0,8.587081
10.0,9.920709
2.0,3.9200747
10.0,8.818796
25.0,23.692858
20.0,19.778933
20.0,15.067786
28.0,28.0001
2.0,4.132144
28.0,27.971653
10.0,14.303299
2.0,2.8604612
10.0,3.0855007
20.0,19.630144
28.0,27.991241
10.0,8.914189
20.0,16.636137
10.0,9.6396475
28.0,27.63273
15.0,15.419307
15.0,15.819172
15.0,17.599771
15.0,15.4702
25.0,25.42724
20.0,19.252771
2.0,3.655155
5.0,3.716608
15.0,17.010534
2.0,3.7287898
20.0,22.714933
10.0,7.756128
15.0,15.0287895
5.0,4.460967
2.0,3.557268
20.0,19.857107
25.0,24.99389
20.0,19.176685
15.0,10.996286
2.0,3.2141438
5.0,6.9982247
20.0,21.725517
5.0,4.1692524
25.0,24.886026
5.0,3.4430845
10.0,9.953718
2.0,3.216036
5.0,3.7225676
2.0,3.7282321
5.0,3.5718968
5.0,7.1243353
10.0,10.966475
5.0,3.6043262
2.0,3.626389
20.0,15.229529
2.0,6.7702727
15.0,15.946227
2.0,2.8693433
15.0,15.339423
25.0,26.661058
5.0,5.9111037
25.0,24.662312
20.0,19.26919
28.0,27.70149
28.0,26.372921
15.0,18.470171
2.0,2.7701664
28.0,22.449234
10.0,9.642406
5.0,3.2012563
5.0,4.3819013
5.0,4.428146
10.0,11.604368
15.0,14.591157
2.0,3.5393288
5.0,5.0152698
2.0,3.1939547
10.0,13.729632
15.0,14.431925
2.0,2.7777011
5.0,7.506558
2.0,3.9617472
20.0,24.986712
20.0,19.547207
20.0,17.319082
2.0,4.270126
15.0,16.332666
15.0,15.791979
5.0,2.969731
15.0,14.331863
28.0,28.0001
28.0,27.93727
10.0,10.925559
5.0,3.887622
28.0,27.983418
28.0,28.0001
28.0,25.979948
25.0,26.328152
10.0,7.439916
15.0,16.951902
25.0,24.957674
15.0,11.994479
28.0,27.759188
5.0,4.7937126
20.0,20.076748
2.0,3.6173573
15.0,14.017844
10.0,7.526088
5.0,3.3322327
20.0,20.13525
10.0,8.608031
25.0,24.910173
20.0,19.47812
5.0,4.5372305
20.0,20.34223
20.0,16.983244
25.0,24.953259
20.0,19.970581
15.0,23.800135
25.0,24.8101
5.0,4.0372806
15.0,14.265542
15.0,15.141193
5.0,3.3001292
28.0,27.992098
5.0,3.6732554
20.0,19.287052
5.0,3.359629
10.0,10.249592
5.0,2.8371437
28.0,27.527487
15.0,15.206756
2.0,3.7363033
15.0,15.181136
28.0,27.994432
25.0,25.036823
5.0,2.6354675
28.0,26.105717
15.0,14.784981
28.0,27.90368
5.0,4.1945457
28.0,27.700445
25.0,25.021652
10.0,9.68431
10.0,10.089382
20.0,18.223059
25.0,26.6124
28.0,27.79938
10.0,4.486327
5.0,3.4329884
10.0,11.991092
25.0,21.458813
5.0,3.559955
28.0,27.987432
2.0,3.2312765
15.0,15.95424
28.0,28.0001
28.0,27.998098
20.0,15.458625
28.0,28.0001
15.0,15.112482
25.0,24.998281
20.0,20.208006
25.0,24.63945
20.0,19.010202
20.0,20.03082
10.0,13.469603
5.0,3.164239
20.0,24.847055
25.0,23.266136
25.0,25.087334
5.0,3.5222142
25.0,24.168446
28.0,27.956932
15.0,15.076113
15.0,22.611164
25.0,26.338562
10.0,10.144358
15.0,15.050959
25.0,24.15088
2.0,3.6224585
5.0,3.2743874
25.0,24.593445
10.0,10.128239
25.0,24.852789
20.0,20.984167
25.0,24.8811
15.0,23.519823
5.0,3.2447073
5.0,3.4223695
5.0,3.5871863
2.0,3.954871
10.0,5.327458
15.0,16.656836
2.0,3.2639694
25.0,24.929155
2.0,2.4283981
5.0,3.6952024
25.0,22.35263
25.0,25.050356
28.0,27.869764
10.0,9.919058
2.0,3.851523
25.0,25.192497
15.0,15.015103
15.0,14.6763315
10.0,10.09387
5.0,3.1820805
5.0,2.7920055
28.0,27.977299
25.0,24.800825
28.0,27.991528
5.0,3.5487347
15.0,17.252916
15.0,16.25479
5.0,3.4634242
15.0,15.132168
20.0,15.125178
10.0,9.881885
10.0,8.801986
2.0,3.0600212
25.0,24.98157
25.0,25.165483
25.0,24.988762
20.0,18.852049
10.0,14.063608
10.0,9.882411
20.0,19.82589
5.0,5.139046
10.0,6.0684958
10.0,7.826995
5.0,4.615102
5.0,4.1136065
20.0,19.163107
25.0,20.66463
15.0,15.069137
20.0,17.173449
25.0,25.159641
15.0,14.989431
15.0,16.546297
2.0,3.3689384
28.0,27.815384
28.0,27.158363
25.0,19.950212
15.0,16.035194
15.0,15.227972
2.0,3.4615357
20.0,18.551786
25.0,24.33866
20.0,18.488668
20.0,19.751717
15.0,15.054803
2.0,5.247842
5.0,3.7768347
20.0,19.394003
25.0,27.402573
20.0,19.598545
25.0,24.95055
5.0,3.5964286
25.0,25.314943
5.0,4.0138
10.0,4.020311
5.0,3.866132
25.0,25.050325
15.0,16.109303
28.0,28.0001
20.0,18.955948
15.0,14.060459
28.0,27.998098
25.0,25.0009
5.0,3.2195957
5.0,4.853224
2.0,3.6591804
5.0,5.4067426
25.0,24.725922
25.0,24.50137
25.0,25.654364
20.0,21.090445
28.0,27.799595
20.0,19.833471
15.0,14.861384
10.0,9.900347
28.0,27.449858
28.0,27.542198
15.0,16.03152
28.0,27.942484
28.0,27.053518
5.0,3.438948
2.0,5.558082
20.0,19.490808
20.0,19.26898
2.0,6.1951423
5.0,3.9103603
20.0,19.956518
28.0,27.990574
15.0,15.4745655
2.0,3.4304602
5.0,2.7601247
10.0,11.382053
2.0,3.8036363
15.0,17.980713
15.0,19.51055
2.0,3.1649554
5.0,5.445506
10.0,3.5865648
10.0,8.792348
5.0,5.070618
2.0,2.7199264
2.0,3.8579884
10.0,9.394648
25.0,25.032993
25.0,25.116486
5.0,3.4597247
15.0,15.037205
20.0,23.941418
15.0,15.65657
20.0,19.169985
10.0,9.886518
28.0,26.351843
10.0,8.455444
5.0,3.2030568
20.0,17.30751
10.0,14.101915
25.0,24.995281
2.0,3.4827309
5.0,5.5145626
25.0,26.774433
2.0,3.3904335
28.0,27.631367
15.0,14.800326
2.0,4.3353767
5.0,3.5043542
28.0,27.80416
5.0,4.8664355
15.0,16.012798
15.0,18.283192
28.0,27.953218
25.0,26.99595
25.0,24.875881
28.0,28.0001
25.0,25.99232
15.0,15.408669
25.0,25.280472
5.0,4.4630523
15.0,16.10486
28.0,25.629644
20.0,19.317978
2.0,3.2667782
2.0,3.504376
28.0,28.0001
20.0,19.869133
5.0,3.1537757
15.0,15.732006
2.0,3.236272
20.0,20.332584
5.0,3.617799
5.0,4.089016
25.0,24.46568
20.0,15.928699
28.0,26.289774
20.0,19.980927
2.0,3.7849371
2.0,9.784746
10.0,5.716803
25.0,25.262417
25.0,24.90953
15.0,15.248313
2.0,2.585557
28.0,27.858103
28.0,27.497355
2.0,2.7789915
5.0,4.128032
5.0,3.433448
28.0,27.794167
15.0,15.407981
15.0,15.131854
20.0,19.547838
10.0,11.273201
20.0,21.335672
10.0,8.486992
5.0,5.257413
28.0,25.695251
25.0,25.153545
15.0,15.118709
10.0,9.43685
25.0,23.601784
5.0,9.205571
10.0,9.948564
25.0,24.070696
2.0,3.5973055
20.0,25.784056
25.0,24.990017
5.0,3.866741
5.0,3.303144
28.0,26.93518
10.0,9.831192
2.0,3.4836786
28.0,28.0001
2.0,3.0782657
15.0,15.157548
2.0,5.008844
2.0,3.3793075
15.0,18.502068
10.0,10.611754
25.0,25.627907
20.0,19.972757
25.0,24.955381
20.0,17.485523
2.0,2.9582698
28.0,27.992323
5.0,3.6594129
5.0,3.7566824
20.0,18.777346
2.0,3.0895283
2.0,3.655116
25.0,26.563154
20.0,19.777052
15.0,15.710207
25.0,24.901617
2.0,4.1840315
25.0,25.518005
2.0,2.9693651
5.0,3.801321
28.0,28.0001
5.0,3.3326504
15.0,17.256968
28.0,28.0001
2.0,3.1483994
10.0,9.820752
5.0,5.86694
10.0,13.072402
10.0,10.670076
25.0,24.619755
2.0,3.873543
5.0,4.940259
10.0,8.66031
20.0,19.610434
20.0,19.827467
15.0,15.172164
20.0,19.911575
20.0,19.517235
20.0,18.217196
10.0,8.555056
28.0,27.968445
2.0,3.5406299
10.0,9.824764
15.0,15.178359
2.0,4.0785284
20.0,20.966587
2.0,5.1444716
25.0,23.86154
28.0,27.970762
2.0,3.3869488
28.0,27.998098
2.0,3.9785058
5.0,3.6239727
5.0,4.846418
10.0,10.131301
10.0,6.990536
10.0,8.978096
25.0,24.564089
2.0,3.6697998
5.0,2.7884848
15.0,15.223537
28.0,27.998987
10.0,9.096281
25.0,25.236069
10.0,9.602422
5.0,3.8966033
5.0,4.6799426
10.0,8.669235
15.0,15.741437
25.0,25.214169
15.0,16.16662
28.0,27.954098
2.0,3.9367058
15.0,15.471816
5.0,2.839324
10.0,9.835374
15.0,15.108153
15.0,15.078909
28.0,27.363846
2.0,3.2341223
10.0,6.6134925
20.0,18.208042
15.0,24.168629
15.0,14.220402
20.0,20.25348
10.0,9.986873
25.0,18.720127
20.0,19.243847
25.0,25.097532
15.0,15.423593
20.0,17.845972
10.0,9.356331
2.0,3.2782297
28.0,27.993513
5.0,3.744856
5.0,3.9556594
10.0,8.6988325
2.0,5.11731
28.0,27.984764
25.0,25.230429
10.0,7.85564
15.0,19.373674
15.0,15.548719
5.0,3.7010484
5.0,3.278763
5.0,4.2283964
28.0,27.702883
5.0,4.162436
5.0,3.6057055
5.0,5.366736
2.0,3.6392183
28.0,27.105844
25.0,24.51852
10.0,7.859906
2.0,5.0563974
28.0,27.918566
2.0,3.7164562
5.0,3.3290968
28.0,27.924921
20.0,18.96647
2.0,3.2456453
10.0,6.5226803
10.0,9.808999
20.0,19.943083
15.0,15.117778
15.0,16.286354
25.0,24.828678
5.0,3.6386347
5.0,3.4404025
25.0,25.48219
5.0,3.5311148
10.0,9.917426
25.0,23.749094
25.0,18.860641
10.0,9.882182
25.0,23.801157
25.0,24.752657
25.0,24.432339
25.0,24.724255
28.0,27.98524
10.0,10.128622
28.0,27.93441
2.0,5.947312
20.0,14.1910515
25.0,25.298082
20.0,19.882896
2.0,4.261127
20.0,17.077927
2.0,3.1417284
5.0,3.3214352
20.0,19.932178
20.0,19.980253
25.0,18.979515
5.0,4.610937
15.0,17.8742
10.0,14.736987
28.0,26.058104
5.0,3.079719
10.0,8.405371
10.0,8.289453
2.0,5.842946
5.0,3.9059784
2.0,3.6803727
5.0,3.7641277
2.0,3.128827
20.0,19.96863
5.0,3.7129414
5.0,5.3578978
28.0,27.9238
5.0,3.2366204
28.0,26.116295
15.0,15.038715
28.0,27.950785
20.0,19.604752
2.0,2.9469166
20.0,17.996286
20.0,24.8452
10.0,18.204481
2.0,3.8749907
2.0,7.7485123
25.0,24.864422
25.0,24.999376
28.0,27.998098
5.0,3.0607197
20.0,19.966557
2.0,3.3066025
20.0,19.168303
20.0,19.996344
5.0,4.4084625
25.0,24.974857
5.0,3.822855
25.0,24.734442
20.0,19.207298
5.0,3.3886378
5.0,3.2615628
10.0,11.832914
20.0,19.523579
2.0,3.5097945
25.0,25.183174
2.0,3.39401
25.0,24.836464
25.0,24.699556
25.0,24.402842
10.0,6.2295074
2.0,3.4644744
10.0,12.962239
20.0,24.521706
25.0,24.8357
28.0,27.754942
5.0,3.2315845
10.0,3.6210604
20.0,18.549383
25.0,27.879004
20.0,10.244381
20.0,19.947062
5.0,3.816161
20.0,17.337666
2.0,4.3512173
20.0,19.31989
20.0,19.479614
10.0,9.8656435
10.0,6.649984
5.0,3.9793825
15.0,15.032545
10.0,11.095925
25.0,26.113644
5.0,5.5066795
15.0,15.046619
25.0,25.027245
5.0,3.2434847
20.0,19.832722
20.0,24.852589
25.0,25.232569
20.0,17.323193
25.0,25.07307
28.0,27.075575
2.0,3.6299207
15.0,16.009949
28.0,27.243977
28.0,26.580372
5.0,4.637524
28.0,26.95898
10.0,9.437066
5.0,3.2968194
20.0,20.785963
25.0,26.834402
28.0,28.0001
10.0,9.770763
10.0,10.119598
20.0,19.218777
25.0,23.735266
20.0,17.45079
5.0,3.950121
10.0,9.946874
2.0,3.8103638
2.0,2.5862005
20.0,19.633972
28.0,28.0001
10.0,9.905604
25.0,23.996094
10.0,10.002968
15.0,15.251244
2.0,3.9779372
5.0,3.8672287
28.0,27.984432
5.0,4.495211
20.0,19.745893
2.0,3.622979
2.0,3.8651376
25.0,25.54775
2.0,4.0315714
20.0,19.911612
2.0,3.6996553
5.0,2.618203
10.0,9.603737
15.0,15.06363
10.0,9.447864
28.0,27.95165
25.0,25.157106
2.0,3.3768854
2.0,8.213986
2.0,3.6952662
10.0,8.068951
20.0,18.02258
25.0,24.796793
25.0,24.89568
2.0,4.122781
10.0,10.165904
20.0,19.904245
20.0,20.30666
25.0,26.978886
5.0,3.2964697
20.0,20.016016
10.0,9.999142
2.0,2.9550266
20.0,19.563013
5.0,4.5993085
2.0,3.263536
5.0,3.5882266
25.0,18.975424
28.0,27.260693
15.0,19.059616
2.0,3.3224447
2.0,3.8159406
20.0,19.41211
10.0,9.912362
15.0,17.960064
25.0,24.815763
25.0,25.006075
25.0,25.173592
5.0,3.5290802
28.0,28.0001
25.0,25.003021
10.0,9.990477
25.0,24.91899
10.0,10.052918
5.0,3.9140742
25.0,24.43588
5.0,3.2175798
5.0,4.024467
5.0,3.8517258
20.0,18.772762
2.0,3.610937
28.0,27.974598
5.0,4.4576406
20.0,16.654985
25.0,25.698488
15.0,15.013074
15.0,15.371079
20.0,17.400652
20.0,19.245996
25.0,23.02835
10.0,10.028556
20.0,20.404364
28.0,27.994986
5.0,3.7152824
15.0,14.019636
2.0,4.133755
10.0,9.025885
5.0,4.8700767
2.0,3.5828195
25.0,25.236622
28.0,28.0001
28.0,27.996098
10.0,9.978913
28.0,28.0001
10.0,9.932816
20.0,17.611172
20.0,23.034307
28.0,27.976875
25.0,24.222662
15.0,15.15723
2.0,3.1283271
20.0,20.28142
25.0,25.099834
28.0,27.1658
10.0,12.873124
2.0,3.8024402
10.0,14.592682
28.0,27.766851
20.0,19.759424
20.0,18.234634
10.0,9.982439
28.0,27.995098
15.0,14.825711
2.0,3.2611895
25.0,23.47643
28.0,27.994099
25.0,25.060404
28.0,27.028996
10.0,9.875438
25.0,24.956337
15.0,17.21103
25.0,25.667046
28.0,27.697514
15.0,15.019784
2.0,3.3205383
28.0,27.995876
28.0,27.94511
10.0,10.178803
20.0,20.751781
15.0,16.221052
20.0,19.070524
2.0,2.4683418
28.0,27.741886
20.0,14.744138
10.0,8.653016
15.0,15.672157
2.0,2.629888
10.0,10.167058
20.0,22.808434
15.0,15.731134
2.0,2.7292578
28.0,27.95131
5.0,3.6096742
10.0,8.847865
15.0,13.016149
15.0,15.473013
10.0,9.973495
15.0,15.709353
5.0,4.06515
25.0,24.901491
2.0,3.3450837
28.0,27.534357
10.0,8.994393
25.0,24.57884
2.0,3.2964985
10.0,10.100956
15.0,13.004562
10.0,8.833341
5.0,3.0588229
28.0,27.86041
20.0,21.853497
28.0,28.0001
5.0,9.270747
25.0,24.932922
5.0,7.46117
20.0,16.36211
10.0,9.922162
25.0,25.061075
28.0,27.566895
2.0,3.6360788
2.0,4.383726
25.0,20.193502
5.0,5.1426616
5.0,6.8783913
10.0,8.175073
5.0,4.4261193
5.0,3.3082213
5.0,3.2902524
15.0,19.426733
28.0,27.981098
2.0,3.5036113
28.0,27.9921
25.0,24.985712
5.0,4.588303
28.0,27.519886
20.0,19.291548
28.0,27.962332
25.0,25.44517
20.0,15.372028
20.0,18.624119
15.0,12.13796
5.0,2.7420177
5.0,4.7136054
28.0,19.871256
15.0,15.000089
20.0,19.020748
2.0,3.7001016
28.0,25.979815
20.0,19.028759
28.0,27.268583
20.0,16.62187
15.0,15.091289
5.0,5.3170166
10.0,13.011287
20.0,18.786644
25.0,25.039747
25.0,25.099823
25.0,23.30439
20.0,20.157492
15.0,14.811385
10.0,9.961652
28.0,25.136667
2.0,3.7297351
25.0,25.015478
25.0,25.50114
20.0,23.050222
28.0,27.97435
10.0,9.783793
28.0,27.986431
5.0,4.978834
20.0,21.866182
2.0,3.0654056
2.0,3.9265628
5.0,4.3082
5.0,8.442788
5.0,3.2861967
2.0,3.6257825
15.0,14.221182
25.0,24.087706
28.0,27.985374
28.0,27.340929
2.0,4.5298805
20.0,17.698927
28.0,27.114712
28.0,28.0001
10.0,9.106612
25.0,25.648867
20.0,18.681353
10.0,9.964287
28.0,27.682741
5.0,3.4550219
25.0,22.179373
10.0,10.16234
15.0,15.303965
5.0,3.2926462
10.0,9.959239
5.0,4.5715437
5.0,3.5733893
10.0,11.569281
20.0,19.421711
2.0,2.701886
5.0,3.7152584
28.0,28.0001
10.0,9.975233
5.0,5.056966
5.0,3.7634506
25.0,23.609688
20.0,19.797182
10.0,4.9926143
20.0,18.568933
2.0,3.5700133
10.0,9.965898
2.0,3.8800745
5.0,4.540693
10.0,5.1712384
20.0,19.730965
25.0,24.399525
2.0,3.9638324
25.0,23.330524
2.0,3.9693677
15.0,15.004804
28.0,28.0001
10.0,6.1315746
2.0,3.3679926
10.0,10.023964
20.0,20.129961
28.0,26.55174
2.0,3.241817
20.0,19.98782
28.0,27.98043
10.0,10.204298
25.0,24.951513
10.0,9.878344
5.0,4.9771523
28.0,27.824032
5.0,3.5990186
28.0,27.978495
20.0,19.597157
5.0,3.0268843
2.0,2.8629508
15.0,24.977947
5.0,4.669227
15.0,17.237398
10.0,8.949745
10.0,10.810752
28.0,28.0001
10.0,10.157989
25.0,24.179188
15.0,16.393711
25.0,25.640736
10.0,9.23678
2.0,2.9611096
28.0,27.805084
20.0,19.79652
15.0,19.341206
28.0,25.948961
2.0,3.6832144
15.0,17.666836
2.0,3.3716846
5.0,4.097463
20.0,17.230494
20.0,18.6347
20.0,19.987667
15.0,17.711714
5.0,9.875597
10.0,11.303252
20.0,19.795801
2.0,3.4021833
28.0,27.946386
28.0,28.0001
28.0,28.0001
20.0,20.82273
10.0,9.9418125
28.0,27.978518
2.0,3.224574
2.0,5.79001
20.0,19.207748
25.0,25.261255
25.0,24.948896
2.0,4.4803143
10.0,4.5190425
28.0,27.916449
25.0,24.747517
5.0,3.7578275
28.0,28.0001
28.0,28.0001
20.0,21.022993
20.0,19.898352
25.0,25.4613
25.0,25.052467
10.0,10.052379
25.0,24.374624
5.0,3.2931435
20.0,17.004093
28.0,27.959738
15.0,15.672929
15.0,16.998657
25.0,24.460335
15.0,17.106651
25.0,24.867693
10.0,11.470342
10.0,10.182765
25.0,25.243189
28.0,28.0001
2.0,3.2232606
15.0,15.326722
15.0,15.070036
20.0,19.851946
15.0,12.667836
5.0,6.05962
10.0,3.5352223
10.0,9.740086
5.0,3.5982137
5.0,3.580252
25.0,23.40048
25.0,24.913294
25.0,24.493044
25.0,24.938932
20.0,23.327276
15.0,15.731499
10.0,9.59338
28.0,27.997242
5.0,3.3618124
2.0,2.8575678
10.0,9.618584
5.0,6.3601255
28.0,27.970572
15.0,15.036252
10.0,9.462659
2.0,4.0451283
5.0,2.4999113
15.0,15.144751
5.0,4.1482067
28.0,26.843895
10.0,6.372838
25.0,24.547836
20.0,19.80301
15.0,19.770569
10.0,7.9424987
20.0,21.830547
15.0,13.967128
15.0,17.624784
20.0,18.998419
28.0,26.76729
15.0,14.984064
15.0,15.473574
5.0,4.424464
2.0,3.1249895
2.0,3.7679842
15.0,16.752087
20.0,19.625134
15.0,15.116046
15.0,15.575207
2.0,3.6568244
20.0,15.611791
25.0,26.32009
5.0,4.2568617
15.0,15.318591
15.0,14.936929
20.0,20.02434
20.0,20.2196
20.0,22.51875
10.0,9.921486
2.0,4.018222
5.0,3.1890972
2.0,2.8727121
25.0,25.437065
28.0,19.057579
5.0,3.9554574
20.0,20.024977
25.0,26.228958
15.0,16.572435
28.0,27.526371
10.0,9.529743
28.0,27.995932
5.0,3.554742
20.0,19.74253
15.0,15.114742
5.0,7.0913987
10.0,11.245255
20.0,23.433428
15.0,19.229868
28.0,27.994764
28.0,28.0001
5.0,4.646302
25.0,25.07097
25.0,24.768785
2.0,4.21817
10.0,6.89319
5.0,3.7418985
28.0,27.779408
28.0,22.395966
5.0,4.3531766
20.0,17.99063
2.0,3.8320558
2.0,3.057415
25.0,24.364618
15.0,18.871162
20.0,20.175573
10.0,9.211258
5.0,3.162101
20.0,18.754221
5.0,3.4656942
25.0,23.934
20.0,19.187815
2.0,2.9452262
20.0,18.543947
2.0,4.3121157
28.0,27.998098
28.0,27.969147
15.0,15.197128
28.0,28.0001
25.0,24.893452
5.0,4.2162504
25.0,24.852373
5.0,4.875427
28.0,28.0001
15.0,18.1727
25.0,24.619375
2.0,2.6633627
5.0,6.5579348
5.0,3.4128191
5.0,3.2715597
28.0,27.865532
15.0,17.371412
2.0,3.2334228
15.0,15.030838
5.0,4.803241
15.0,20.404684
5.0,3.248335
25.0,24.727913
2.0,2.8279226
25.0,24.985306
2.0,2.64527
2.0,4.8464394
2.0,4.0489893
5.0,3.488519
15.0,14.876637
5.0,6.1010833
2.0,2.6413782
28.0,22.451626
28.0,27.997559
20.0,17.197636
25.0,24.574686
20.0,20.17137
28.0,27.98267
2.0,4.0733833
20.0,20.286543
25.0,25.11789
28.0,28.0001
28.0,27.631784
15.0,18.232254
28.0,27.860537
28.0,27.775635
25.0,25.226717
2.0,4.918775
20.0,16.02415
2.0,3.0020912
25.0,27.272924
2.0,5.264941
15.0,11.569243
5.0,3.4541652
5.0,4.743437
20.0,19.967361
25.0,23.350304
28.0,27.792612
5.0,3.8020544
2.0,3.356698
28.0,27.62642
25.0,24.186234
2.0,3.3151913
5.0,8.8863125
5.0,3.453021
5.0,4.786281
20.0,20.285652
5.0,3.6656513
20.0,19.558338
25.0,24.867598
2.0,5.3027782
15.0,16.451218
25.0,21.19072
25.0,24.819292
15.0,15.108713
15.0,16.819748
28.0,27.967873
5.0,4.4060984
5.0,3.3514922
25.0,23.512127
20.0,19.423319
25.0,27.476196
10.0,8.175692
25.0,25.068394
20.0,18.105814
5.0,3.887822
5.0,5.6274776
15.0,14.133699
20.0,20.276833
2.0,3.8875132
10.0,13.730143
25.0,25.64312
10.0,9.9835
25.0,24.27048
25.0,24.939423
10.0,9.628555
25.0,26.64255
15.0,15.08159
20.0,17.84101
15.0,15.363326
25.0,24.91514
2.0,4.218941
5.0,3.935988
2.0,4.191362
28.0,27.82246
28.0,27.995337
15.0,15.131535
28.0,27.998098
2.0,3.117274
10.0,8.090257
5.0,3.4682086
2.0,3.5730064
20.0,19.720968
15.0,16.532944
2.0,3.0989428
2.0,3.2802122
25.0,21.913813
20.0,18.209902
20.0,19.634441
5.0,8.316075
20.0,19.47387
2.0,8.0449295
5.0,3.1264126
20.0,24.934582
10.0,9.912957
15.0,16.760696
28.0,27.992764
28.0,27.9961
28.0,27.990099
25.0,24.689892
10.0,9.740912
5.0,4.854565
5.0,3.3631957
2.0,4.0442944
28.0,27.996986
25.0,24.428389
28.0,27.952923
15.0,15.645372
10.0,8.763752
28.0,27.981667
10.0,9.381127
25.0,25.555786
5.0,4.7258267
15.0,15.97639
25.0,25.15441
5.0,2.6203084
28.0,26.846388
25.0,25.057032
2.0,3.4790516
28.0,27.9931
5.0,4.8326836
15.0,11.626398
25.0,25.12639
10.0,9.960912
15.0,14.424363
15.0,15.0291395
10.0,7.769298
28.0,27.637299
15.0,15.049227
25.0,25.069641
10.0,9.636641
15.0,15.627327
25.0,24.991993
10.0,9.477329
10.0,15.640649
28.0,27.737192
10.0,3.926329
28.0,28.0001
2.0,3.2965095
25.0,17.690832
2.0,2.8856392
28.0,27.984955
25.0,23.684443
10.0,8.247753
2.0,2.4552162
20.0,20.1884
25.0,22.285307
2.0,4.226965
15.0,18.301386
15.0,15.284796
5.0,4.7976494
15.0,16.162836
5.0,3.7389245
2.0,3.622301
2.0,3.589295
2.0,3.5271862
2.0,4.517147
25.0,24.939722
10.0,12.46483
15.0,15.732828
20.0,19.495317
10.0,10.094063
20.0,16.35759
20.0,16.52877
25.0,23.834932
5.0,4.0020857
25.0,19.381271
10.0,3.4982245
2.0,3.6796036
25.0,27.836813
15.0,17.79901
25.0,25.854828
28.0,27.984098
5.0,3.6718554
15.0,15.018904
20.0,18.695686
15.0,17.662645
10.0,11.967338
5.0,3.0780225
5.0,3.8766458
2.0,2.664734
2.0,4.070985
5.0,3.4938028
10.0,9.67318
28.0,28.0001
28.0,27.975903
25.0,24.908228
20.0,22.176958
2.0,5.585232
2.0,3.7241952
2.0,2.8361783
25.0,27.922043
25.0,24.84154
5.0,4.2085657
15.0,14.978665
28.0,27.778982
20.0,18.246964
2.0,4.0675325
25.0,23.899393
10.0,10.327868
2.0,4.87246
20.0,19.2004
5.0,4.030321
28.0,27.969149
10.0,7.359886
10.0,9.414389
15.0,15.292423
15.0,15.8944845
10.0,4.309218
25.0,24.25921
20.0,19.928305
2.0,4.312762
25.0,24.945202
25.0,25.018543
25.0,25.303316
10.0,9.258516
25.0,25.18399
15.0,18.504087
5.0,4.014358
28.0,27.98505
5.0,5.307111
20.0,20.039333
10.0,9.381918
28.0,27.367289
2.0,4.147152
2.0,4.5292416
25.0,20.043121
10.0,9.381692
20.0,17.992996
5.0,3.5292733
20.0,17.486563
28.0,27.916605
2.0,5.4237943
15.0,15.890305
20.0,24.445612
20.0,18.673637
20.0,19.423828
2.0,3.998963
25.0,23.076506
15.0,15.171247
5.0,3.379472
5.0,5.838755
5.0,3.97574
15.0,16.518015
25.0,24.7154
2.0,3.2841096
28.0,27.984764
20.0,19.974566
15.0,16.218416
25.0,25.052328
5.0,3.3733704
25.0,25.094059
20.0,19.862644
20.0,19.062405
28.0,27.991098
28.0,25.09733
10.0,13.481707
2.0,3.8888562
20.0,19.580172
10.0,9.07703
5.0,3.6940198
15.0,12.150492
20.0,15.137332
20.0,19.64052
2.0,3.4911861
15.0,14.969587
15.0,24.888191
2.0,3.6115806
10.0,9.220344
10.0,8.954087
25.0,24.996622
25.0,23.646936
5.0,3.9407315
2.0,3.5205698
25.0,24.40716
28.0,27.967037
28.0,27.997242
15.0,15.841362
5.0,3.7774518
2.0,4.0025115
28.0,27.552048
25.0,23.973104
10.0,15.827813
15.0,15.242697
2.0,4.021989
25.0,25.48067
10.0,7.426943
20.0,24.972853
10.0,9.452135
10.0,9.9847145
15.0,14.930832
2.0,3.1824446
20.0,19.310858
2.0,3.1487656
5.0,3.7433739
5.0,4.102824
25.0,25.735329
2.0,3.7944543
20.0,19.861645
10.0,6.313169
20.0,19.671255
28.0,27.91476
25.0,24.90877
10.0,9.974489
10.0,3.8536496
25.0,26.302593
20.0,19.676659
15.0,16.633213
15.0,18.933483
2.0,3.624654
5.0,3.7131007
25.0,24.089233
25.0,24.686014
10.0,9.952916
28.0,26.188086
15.0,16.474304
20.0,18.931131
5.0,3.5606666
15.0,20.190275
28.0,27.978764
5.0,4.163948
20.0,19.38555
10.0,9.850403
28.0,27.964128
2.0,2.6961107
10.0,9.983274
5.0,4.1753745
25.0,24.035194
10.0,6.535658
10.0,10.116079
20.0,19.331247
20.0,19.48198
15.0,16.742176
15.0,10.678148
20.0,19.960209
20.0,19.406334
2.0,3.7261767
2.0,2.9286542
15.0,15.162715
5.0,3.9646509
20.0,17.991768
10.0,9.120502
2.0,3.3543847
28.0,27.958857
28.0,27.994099
28.0,27.403358
25.0,24.073332
20.0,15.945754
10.0,9.3424
28.0,27.993515
25.0,24.678268
15.0,14.863761
5.0,4.261938
20.0,17.894634
20.0,17.430521
10.0,9.680376
10.0,10.020693
20.0,15.903037
20.0,15.793962
28.0,27.983929
5.0,4.5025873
10.0,9.10043
2.0,3.6593158
10.0,15.832709
5.0,3.3894074
15.0,15.535079
5.0,4.7720466
15.0,15.741947
25.0,24.939272
10.0,8.4884405
28.0,27.856396
2.0,3.6570137
28.0,25.316374
2.0,4.024121
5.0,3.6937306
10.0,12.350948
2.0,4.090593
2.0,3.6286037
25.0,24.520903
10.0,8.765312
25.0,19.559904
2.0,3.827505
15.0,15.317281
20.0,19.652426
25.0,25.68183
15.0,24.871386
15.0,14.978076
15.0,16.335182
25.0,24.921883
15.0,14.827205
15.0,15.234291
15.0,14.823961
10.0,9.882407
20.0,19.995338
28.0,27.994099
2.0,3.4266312
28.0,24.738695
25.0,25.021126
28.0,27.992384
5.0,2.64593
28.0,27.494303
25.0,24.86997
15.0,12.390977
2.0,3.7845151
2.0,4.0711155
20.0,25.901005
20.0,18.1735
15.0,18.700615
5.0,3.4662035
5.0,8.6913805
25.0,24.81981
5.0,3.116891
2.0,5.16087
10.0,10.014464
2.0,2.4084992
20.0,17.621567
20.0,20.428192
10.0,9.620388
20.0,19.054691
2.0,3.0047371
28.0,27.997099
10.0,9.612541
10.0,9.73253
5.0,3.7050018
20.0,15.306975
20.0,19.90882
25.0,23.430424
25.0,24.940048
28.0,28.0001
28.0,27.992098
10.0,4.910585
28.0,27.596659
15.0,16.320707
25.0,22.379635
25.0,24.98331
20.0,24.03038
10.0,6.103966
20.0,15.920638
28.0,28.0001
10.0,9.856176
2.0,2.7548256
5.0,3.4277408
20.0,17.949942
15.0,15.7549305
20.0,20.866743
2.0,3.5840933
15.0,15.2282915
2.0,2.9630766
5.0,3.03023
15.0,12.986434
10.0,9.875199
28.0,27.874214
2.0,4.180367
25.0,26.494015
25.0,25.031343
15.0,15.035357
2.0,3.7079377
2.0,3.3899093
2.0,4.4378295
25.0,25.005426
5.0,4.3630404
5.0,3.9763637
2.0,3.1330159
10.0,9.871334
20.0,20.358921
20.0,17.827202
10.0,9.998525
20.0,19.6353
2.0,3.3623714
5.0,3.5435975
20.0,17.920763
20.0,19.558798
20.0,20.797113
5.0,4.6381283
10.0,9.7946205
2.0,3.3379233
25.0,25.19807
25.0,25.389212
25.0,25.102867
15.0,16.487679
5.0,4.0801964
10.0,10.324947
5.0,3.1294224
5.0,3.6600463
10.0,6.6607056
2.0,3.955854
15.0,15.2568445
2.0,3.9485948
5.0,7.003796
10.0,9.667361
10.0,8.382204
10.0,9.913283
25.0,25.261904
25.0,25.026712
28.0,28.0001
10.0,6.461742
28.0,27.998098
15.0,14.810162
10.0,3.716253
20.0,19.777643
10.0,4.6835566
5.0,4.23954
5.0,3.489581
28.0,27.674866
5.0,3.5284805
15.0,19.109468
28.0,28.0001
28.0,27.993849
5.0,3.4441228
28.0,27.988
25.0,24.952314
20.0,24.82616
15.0,15.399143
20.0,18.04379
10.0,8.726548
2.0,2.8610897
10.0,13.986302
5.0,4.0173426
25.0,22.961935
28.0,27.624653
5.0,3.961329
2.0,3.1041257
5.0,5.0191803
28.0,27.966324
2.0,3.375644
10.0,5.677274
28.0,28.0001
25.0,24.928778
28.0,27.998848
15.0,12.819654
25.0,25.132795
5.0,4.2179933
25.0,25.180532
28.0,26.913641
20.0,17.664103
15.0,16.440378
25.0,24.159866
20.0,17.687378
2.0,4.2892838
20.0,16.29271
25.0,25.027199
2.0,3.406625
15.0,15.94505
10.0,10.303461
10.0,9.795255
20.0,18.994562
15.0,15.119985
5.0,3.345793
15.0,23.872625
25.0,26.76529
20.0,20.530117
28.0,27.965425
2.0,3.305879
25.0,24.364048
15.0,18.19783
15.0,15.712433
2.0,2.6695898
28.0,27.9961
20.0,15.665916
20.0,16.359196
20.0,19.083967
10.0,10.122379
10.0,9.870292
25.0,24.628838
25.0,25.06821
5.0,4.6144214
2.0,3.6925268
25.0,25.515564
28.0,27.716549
2.0,3.4345994
5.0,3.0539472
2.0,3.6140273
20.0,19.006636
25.0,24.917809
20.0,19.539513
20.0,18.653803
10.0,7.5672717
5.0,2.8419418
25.0,24.971153
10.0,3.3031511
5.0,3.4653094
28.0,27.998848
10.0,9.9138155
5.0,3.7083907
28.0,27.987097
2.0,3.5537207
2.0,3.4142153
28.0,24.492691
5.0,4.263408
28.0,26.439508
2.0,4.16477
10.0,5.6269455
28.0,27.912722
20.0,20.336065
5.0,3.8951235
28.0,27.998098
25.0,26.000164
20.0,20.184122
20.0,23.84526
15.0,18.387022
10.0,9.895701
10.0,6.573686
2.0,3.5555794
15.0,16.453009
10.0,9.655313
5.0,2.8701231
15.0,15.305786
25.0,24.95809
10.0,9.491712
10.0,9.880698
5.0,4.4828467
10.0,8.458144
28.0,27.990347
5.0,4.21726
10.0,9.679396
25.0,25.530655
28.0,25.647854
28.0,28.0001
28.0,27.856794
25.0,22.647324
15.0,15.141348
25.0,23.54402
2.0,3.2302597
25.0,24.770308
28.0,27.981644
28.0,26.720476
20.0,19.33506
28.0,27.965143
25.0,25.488024
28.0,26.849981
5.0,5.8512487
10.0,8.489262
15.0,15.035686
25.0,24.499395
28.0,27.459148
5.0,3.45517
28.0,27.98724
15.0,24.673887
2.0,3.4398975
5.0,4.076344
25.0,24.85615
20.0,17.007711
2.0,3.2903235
25.0,25.017511
5.0,4.426098
2.0,3.4593494
5.0,4.911215
28.0,28.0001
10.0,8.833958
10.0,9.29116
28.0,27.98874
2.0,3.0073757
28.0,27.005655
2.0,6.2050695
28.0,27.215986
25.0,25.245396
10.0,8.983674
28.0,27.202824
20.0,20.878466
25.0,24.867567
25.0,24.901567
5.0,3.2573524
5.0,3.7623634
2.0,4.1910124
2.0,3.6059895
15.0,14.698614
10.0,9.89709
10.0,4.521197
10.0,4.8278136
20.0,16.197645
25.0,27.433613
2.0,4.3168426
28.0,27.938093
5.0,4.1491966
20.0,20.78837
10.0,10.330344
5.0,3.60737
28.0,27.976868
10.0,8.796364
15.0,15.145575
10.0,9.673698
25.0,24.83822
15.0,15.381526
2.0,3.6658597
15.0,17.445202
2.0,3.7802997
15.0,16.222788
15.0,16.462492
20.0,18.511969
20.0,20.689783
2.0,6.9888577
20.0,18.534657
15.0,15.761184
15.0,15.438717
28.0,27.961622
5.0,3.8821037
10.0,9.91549
2.0,3.3412209
5.0,4.9022946
10.0,8.368127
25.0,20.34546
2.0,4.4437943
25.0,24.981619
25.0,23.993423
28.0,28.0001
2.0,3.2573688
28.0,27.974844
10.0,10.278605
20.0,18.098038
25.0,24.907492
2.0,3.5255992
10.0,9.368886
10.0,10.658958
2.0,3.9720469
25.0,24.895794
20.0,16.026707
25.0,24.940332
15.0,15.194998
10.0,10.227907
25.0,25.158134
15.0,14.958114
2.0,3.3365881
10.0,9.432332
5.0,3.999151
15.0,16.813
25.0,24.792635
20.0,21.926495
5.0,9.690567
25.0,26.456991
25.0,25.269974
15.0,17.04234
25.0,24.873857
25.0,26.198086
20.0,22.351889
28.0,28.0001
25.0,24.569893
2.0,3.5185516
20.0,19.060118
20.0,18.638304
2.0,3.0628207
28.0,27.979763
5.0,3.705202
28.0,27.952972
25.0,23.681023
5.0,3.1790612
2.0,5.6950245
28.0,27.931864
